project_id,bid_max_cost,actual_cost,overrun,overrun_pct
PRJ-2024-002,3114350.0,17166172.55,14051822.55,4.51196
PRJ-2024-001,3472590.0,17494950.27,14022360.27,4.038012
PRJ-2024-004,1677380.0,8753895.7,7076515.7,4.218791
PRJ-2024-005,1392410.0,8145563.2,6753153.2,4.849975
PRJ-2024-003,557370.0,4089530.37,3532160.37,6.337191
